nom,sexe,num_deptmt,nom_circo,num_circo,groupe_sigle,commission_permanente,fonction,sites_web,emails,twitter
"Sophie Primas",F,78,Yvelines,"non disponible",LR,"Affaires économiques",Présidente,https://twitter.com/sophieprimas|http://sophieprimas.fr|https://fr-fr.facebook.com/sophie.primas|http://www.sophie-primas.fr|,s.primas@senat.fr|,sophieprimas
"Jean-Pierre Vial",H,73,Savoie,"non disponible",LR,"Affaires étrangères_Défense",Membre,http://www.jp-vial.fr/|,jp.vial@senat.fr|,
"Catherine Morin-Desailly",F,76,Seine-Maritime,"non disponible",UC,Culture_Education,Présidente,https://catherine-morin-desailly.fr|https://twitter.com/C_MorinDesailly|http://www.catherine-morin-desailly.com|,c.morin-desailly@senat.fr|,C_MorinDesailly
"Jérôme Durain",H,71,Saône-et-Loire,"non disponible",SOC,Lois,Membre,http://jeromedurain.com|https://twitter.com/Jeromedurain|,j.durain@senat.fr|,Jeromedurain
"Alain Richard",H,95,Val-d'Oise,"non disponible",LREM,Lois,Membre,,a.richard@senat.fr|,
"Catherine Deroche",F,49,Maine-et-Loire,"non disponible",LR,"Affaires sociales",Membre,https://www.facebook.com/people/Catherine-Deroche/100011258410215|https://twitter.com/cderoche_senat|,c.deroche@senat.fr|,cderoche_senat
"Hervé Marseille",H,92,Hauts-de-Seine,"non disponible",UC,Lois,Membre,https://twitter.com/hervemarseille|,h.marseille@senat.fr|,hervemarseille
"Maurice Antiste",H,972,Martinique,"non disponible",SOC,Culture_Education,Membre,https://twitter.com/MauriceANTISTE|,m.antiste@senat.fr|,MauriceANTISTE
"Georges Patient",H,973,Guyane,"non disponible",LREM,Finances,Vice-Président,http://www.georgespatient.fr|https://twitter.com/GeorgesPatient|https://www.facebook.com/georges.patient.3|,g.patient@senat.fr|,GeorgesPatient
"Robert del Picchia",H,999,"Français établis hors de France","non disponible",LR,"Affaires étrangères_Défense",Vice-Président,,r.delpicchia@senat.fr|,
"Patricia Schillinger",F,68,Haut-Rhin,"non disponible",LREM,"Affaires économiques",Membre,https://twitter.com/Schillinger2|https://twitter.com/PSchillinger68|http://www.patricia-schillinger.com|,p.schillinger@senat.fr|,PSchillinger68
"David Assouline",H,75,Paris,"non disponible",SOC,Culture_Education,Membre,https://twitter.com/dassouline|http://www.david-assouline.net|https://www.facebook.com/DavAssouline|,d.assouline@senat.fr|,dassouline
"Marie-Pierre Monier",F,26,Drôme,"non disponible",SOC,Culture_Education,Membre,,mp.monier@senat.fr|,
"Michel Magras",H,977,Saint-Barthélemy,"non disponible",LR,"Affaires économiques",Membre,https://www.facebook.com/Michel-Magras-345234268906087/timeline/|https://twitter.com/MichelMagras|http://www.michelmagras.fr|https://www.facebook.com/Michel-Magras-345234268906087/timeline|,m.magras@senat.fr|,MichelMagras
"Michelle Meunier",F,44,Loire-Atlantique,"non disponible",SOC,"Affaires sociales",Vice-Présidente,http://www.michellemeunier.fr|https://twitter.com/meuniermichelle|http://www.facebook.com/meuniermichelle|,m.meunier@senat.fr|,meuniermichelle
"François Calvet",H,66,Pyrénées-Orientales,"non disponible",LR,"Affaires économiques",Secrétaire,http://www.francois-calvet.com|https://twitter.com/CalvetFrancois|,f.calvet@senat.fr|,CalvetFrancois
"Vincent Eblé",H,77,Seine-et-Marne,"non disponible",SOC,Finances,Président,http://www.seine-et-marne.fr|https://twitter.com/VincentEBLE|,v.eble@senat.fr|,VincentEBLE
"Alain Fouché",H,86,Vienne,"non disponible",RTLI,"Aménagement du territoire",Vice-Président,http://www.alainfouche.fr|https://twitter.com/AlainFouche|,a.fouche@senat.fr|,AlainFouche
"Philippe Bas",H,50,Manche,"non disponible",LR,Lois,Président,https://twitter.com/basphilippe|http://www.philippe-bas.fr|,p.bas@senat.fr|,basphilippe
"Bruno Gilles",H,13,Bouches-du-Rhône,"non disponible",LR,"Affaires sociales",Membre,https://ensemblepourmarseille.fr|https://twitter.com/brunogilles13|http://brunogilles.typepad.fr/blogbg|https://fr-fr.facebook.com/pages/Bruno-GILLES/232795197899|,b.gilles@senat.fr|,brunogilles13
"Laurence Cohen",F,94,Val-de-Marne,"non disponible",CRCE,"Affaires sociales",Vice-Présidente,http://www.laurencecohen.fr|https://twitter.com/LaurenceCohen94|,l.cohen@senat.fr|,LaurenceCohen94
"Jacky Deromedi",F,999,"Français établis hors de France","non disponible",LR,Lois,Membre,https://fr-fr.facebook.com/jacky.deromedi|http://sg.linkedin.com/pub/deromedi-jacky/0/4a4/631|https://twitter.com/jacky_deromedi|,j.deromedi@senat.fr|,jacky_deromedi
"Antoine Lefèvre",H,02,Aisne,"non disponible",LR,Finances,Membre,https://twitter.com/AntoineLAON|,a.lefevre@senat.fr|,AntoineLAON
"Yves Détraigne",H,51,Marne,"non disponible",UC,Lois,Membre,http://www.senateur-detraigne.org|https://twitter.com/YvesDetraigne|,yves.detraigne@orange.fr|y.detraigne@senat.fr|,YvesDetraigne
"Éliane Assassi",F,93,Seine-Saint-Denis,"non disponible",CRCE,"Aménagement du territoire",Membre,http://elianeassassi.fr|https://twitter.com/ElianeAssassi|,e.assassi@senat.fr|,ElianeAssassi
"Jean-Paul Emorine",H,71,Saône-et-Loire,"non disponible",LR,"Affaires étrangères_Défense",Membre,http://www.senateurs-emorine-mercier.fr|,JeanPaul.Emorine@wanadoo.fr|jeanpaul.emorine@wanadoo.fr|,
"Françoise Gatel",F,35,Ille-et-Vilaine,"non disponible",UC,Lois,Membre,https://twitter.com/FrancoiseGatel|https://www.facebook.com/francoise.gatel|http://francoisegatel.fr|,f.gatel@senat.fr|assistante.fgatel@gmail.com|,FrancoiseGatel
"Vincent Delahaye",H,91,Essonne,"non disponible",UC,Finances,Membre,https://twitter.com/V_Delahaye|,v.delahaye@senat.fr|,V_Delahaye
"Claude Haut",H,84,Vaucluse,"non disponible",LREM,"Affaires étrangères_Défense",Membre,,c.haut@senat.fr|,
"Colette Giudicelli",F,06,Alpes-Maritimes,"non disponible",LR,"Affaires sociales",Vice-Présidente,,c.giudicelli@senat.fr|,
"Gérard Dériot",H,03,Allier,"non disponible",LR,"Affaires sociales",Vice-Président,,g.deriot@senat.fr|,
"Dominique Estrosi Sassone",F,06,Alpes-Maritimes,"non disponible",LR,"Affaires économiques",Membre,https://twitter.com/dominiq_estrosi|https://fr-fr.facebook.com/dominique.estrosi|,d.estrosi-sassone@senat.fr|,dominiq_estrosi
"Bernard Cazeau",H,24,Dordogne,"non disponible",LREM,"Affaires étrangères_Défense",Vice-Président,http://www.cazeau.eu|https://www.facebook.com/bernard.cazeau.5|https://twitter.com/bernardcazeau|,permanence.cazeau@gmail.com|b.cazeau@senat.fr|,bernardcazeau
"Jean-Marie Vanlerenberghe",H,62,Pas-de-Calais,"non disponible",UC,"Affaires sociales",Rapporteur,https://www.facebook.com/jeanmarie.vanlerenberghe|https://twitter.com/JVanlerenberghe|http://www.mouvementdemocrate.fr/shadow/vanlerenberghe.html|,jm.vanlerenberghe@senat.fr|,JVanlerenberghe
"Jean-François Mayet",H,36,Indre,"non disponible",LR,"Affaires économiques",Membre,http://leblog.ville-chateauroux.fr/|,jf.mayet@senat.fr|,
"Catherine Troendle",F,68,Haut-Rhin,"non disponible",LR,Lois,Membre,http://www.catherinetroendle.fr|https://twitter.com/C_Troendle|,c.troendle@senat.fr|,C_Troendle
"François-Noël Buffet",H,69,Rhône,"non disponible",LR,Lois,Vice-Président,https://twitter.com/fnb_officiel|http://www.francoisnoelbuffet.com|https://www.facebook.com/francoisnoel.buffet|http://francoisnoelbuffet.fr|https://francoisnoelbuffet2020.fr|https://laforcedurassemblement.fr|,fn.buffet@senat.fr|,fnb_officiel
"Alain Houpert",H,21,Côte-d'Or,"non disponible",LR,Finances,Membre,http://www.alain-houpert.fr|https://twitter.com/alainhoupert|https://www.facebook.com/alain.houpert|,a.houpert@senat.fr|,alainhoupert
"Pierre-Yves Collombat",H,83,Var,"non disponible",CRCE,Lois,Vice-Président,http://www.collombat-py.fr|,py.collombat@senat.fr|,
"Sylvie Goy-Chavent",F,01,Ain,"non disponible",NI,"Affaires étrangères_Défense",Membre,https://twitter.com/SGoyChavent|,s.goy-chavent@senat.fr|,SGoyChavent
"Françoise Férat",F,51,Marne,"non disponible",UC,"Affaires économiques",Membre,http://www.senateur-ferat.org|,f.ferat@senat.fr|,
"Jean Louis Masson",H,57,Moselle,"non disponible",NI,Lois,Membre,http://www.massonmoselle.fr|http://www.rasnag-senat.fr/senateursni/cvmasson.htm|,,
"Cécile Cukierman",F,42,Loire,"non disponible",CRCE,"Affaires économiques",Vice-Présidente,http://www.cecile-cukierman.fr|https://twitter.com/CecileCukierman|,c.cukierman@senat.fr|,CecileCukierman
"Esther Benbassa",F,75,Paris,"non disponible",CRCE,Lois,Membre,http://estherbenbassa.eelv.fr|https://www.facebook.com/pages/Esther-BENBASSA/195853667143729|https://twitter.com/estherbenbassa|,e.benbassa@senat.fr|,estherbenbassa
"Daniel Dubois",H,80,Somme,"non disponible",UC,"Affaires économiques",Membre,http://www.danieldubois.info|https://twitter.com/DanielDubois80|,d.dubois@senat.fr|,DanielDubois80
"Jean-Claude Requier",H,46,Lot,"non disponible",RDSE,Finances,Membre,,senateur-requier@orange.fr|,
"Gilbert Roger",H,93,Seine-Saint-Denis,"non disponible",SOC,"Affaires étrangères_Défense",Vice-Président,http://www.gilbert-roger.fr|https://twitter.com/gilbertroger_93|https://www.facebook.com/gilbert.roger.90|http://www.gilbert-roger.fr/gilbert_roger|,g.roger@senat.fr|,gilbertroger_93
"Bruno Sido",H,52,Haute-Marne,"non disponible",LR,"Affaires étrangères_Défense",Membre,https://twitter.com/bruno_sido|,b.sido@senat.fr|,bruno_sido
"Jackie Pierre",H,88,Vosges,"non disponible",LR,"Affaires économiques",Membre,https://twitter.com/pierre_jackie|,j.pierre@senat.fr|,pierre_jackie
"Yvon Collin",H,82,Tarn-et-Garonne,"non disponible",RDSE,Finances,Vice-Président,,y.collin@senat.fr|,
"Pierre Médevielle",H,31,Haute-Garonne,"non disponible",UC,"Aménagement du territoire",Membre,https://twitter.com/p_medevielle|https://fr.linkedin.com/in/pierre-medevielle-7bb48b45|https://www.facebook.com/medevielle.pierre|http://pierremedevielle.fr|,p.medevielle@senat.fr|,p_medevielle
"Ronan Dantec",H,44,Loire-Atlantique,"non disponible",RDSE,"Aménagement du territoire",Vice-Président,https://twitter.com/RonanDantec|http://ronandantec.eelv.fr|https://www.facebook.com/RonanDantec|http://www.ronandantec.fr|,r.dantec@senat.fr|,RonanDantec
"Jean-Marie Bockel",H,68,Haut-Rhin,"non disponible",UC,"Affaires étrangères_Défense",Membre,http://www.jeanmariebockel.fr|https://twitter.com/BockelJeanMarie|http://fr-fr.facebook.com/jeanmarie.bockel|,l.lenner@clb.senat.fr|jm.bockel@senat.fr|,BockelJeanMarie
"Joseph Castelli",H,2B,Haute-Corse,"non disponible",RDSE,Culture_Education,Membre,,j.castelli@senat.fr|,
"Eric Jeansannetas",H,23,Creuse,"non disponible",RDSE,Finances,Membre,https://www.facebook.com/senateur.ericjeansannetas|https://twitter.com/ejeansannetas|http://www.ejeansannetas.fr|,e.jeansannetas@senat.fr|,ejeansannetas
"Philippe Adnot",H,10,Aube,"non disponible",NI,Finances,Membre,https://twitter.com/Ph_Adnot|,p.adnot@senat.fr|,Ph_Adnot
"Dominique de Legge",H,35,Ille-et-Vilaine,"non disponible",LR,Finances,Membre,https://twitter.com/Domdelegge|,d.de-legge@senat.fr|,Domdelegge
"Catherine Procaccia",F,94,Val-de-Marne,"non disponible",LR,"Affaires économiques",Secrétaire,https://twitter.com/CProcaccia|http://www.catherine-procaccia.com|http://www.catherine-procaccia.fr|,c.procaccia@senat.fr|,CProcaccia
"Élisabeth Lamure",F,69,Rhône,"non disponible",LR,"Affaires économiques",Vice-Président,https://twitter.com/LamureE|,e.lamure@senat.fr|elisabeth.lamure@wanadoo.fr|,LamureE
"Raymond Vall",H,32,Gers,"non disponible",RDSE,"Affaires étrangères_Défense",Membre,https://twitter.com/RaymondVall|,r.vall@senat.fr|e.levine@clb.senat.fr|,RaymondVall
"Jean-Marie Morisset",H,79,Deux-Sèvres,"non disponible",LR,"Affaires sociales",Membre,,jm.morisset@senat.fr|,
"Vincent Capo-Canellas",H,93,Seine-Saint-Denis,"non disponible",UC,Finances,Membre,http://vccblog.typepad.fr|https://twitter.com/Capo_Canellas|,v.capo-canellas@senat.fr|,Capo_Canellas
"Pierre Charon",H,75,Paris,"non disponible",LR,"Affaires étrangères_Défense",Membre,http://pierrecharon.fr|https://twitter.com/pierrecharon|,p.charon@senat.fr|,pierrecharon
"Gérard Longuet",H,55,Meuse,"non disponible",LR,Finances,Membre,http://www.gerardlonguet.fr|https://twitter.com/gerardlonguet55|,contact@gerard-longuet.fr|,gerardlonguet55
"Hélène Conway-Mouret",F,999,"Français établis hors de France","non disponible",SOC,"Affaires étrangères_Défense",Membre,https://www.facebook.com/heleneconwaymouret|http://www.helene-conway.com|https://twitter.com/hmouretconway|https://twitter.com/HConwayMouret|,h.conway-mouret@senat.fr|,HConwayMouret
"Ladislas Poniatowski",H,27,Eure,"non disponible",LR,"Affaires étrangères_Défense",Membre,https://twitter.com/l_poniatowski|,l.poniatowski@senat.fr|,l_poniatowski
"Marc Daunis",H,06,Alpes-Maritimes,"non disponible",SOC,"Affaires économiques",Membre,,m.daunis@senat.fr|,
"Éric Bocquet",H,59,Nord,"non disponible",CRCE,Finances,Vice-Président,https://twitter.com/ericbocquet|http://ericbocquet.fr|,e.bocquet@senat.fr|,ericbocquet
"Agnès Canayer",F,76,Seine-Maritime,"non disponible",LR,Lois,Membre,https://twitter.com/ACanayer|,a.canayer@senat.fr|,ACanayer
"Jean Bizet",H,50,Manche,"non disponible",LR,Finances,Membre,https://twitter.com/jean_bizet|,j.bizet@senat.fr|,jean_bizet
"Yannick Vaugrenard",H,44,Loire-Atlantique,"non disponible",SOC,"Affaires étrangères_Défense",Membre,http://www.yvaugrenard.fr|https://www.facebook.com/YannickVaugrenard|https://twitter.com/YVaugrenard|,y.vaugrenard@senat.fr|,YVaugrenard
"Nicole Bonnefoy",F,16,Charente,"non disponible",SOC,"Aménagement du territoire",Secrétaire,http://www.nicole-bonnefoy.com|https://twitter.com/bonnefoy_n|https://www.facebook.com/nbonnefoy16|https://www.instagram.com/nbonnefoy16|,n.bonnefoy@senat.fr|,bonnefoy_n
"Daniel Gremillet",H,88,Vosges,"non disponible",LR,"Affaires économiques",Vice-Président,,d.gremillet@senat.fr|,
"Christian Cambon",H,94,Val-de-Marne,"non disponible",LR,"Affaires étrangères_Défense",Président,https://christian-cambon.fr|https://twitter.com/ChCambon|https://www.facebook.com/senateur.christian.cambon|,c.cambon@senat.fr|,ChCambon
"Jean-Louis Tourenne",H,35,Ille-et-Vilaine,"non disponible",SOC,"Affaires sociales",Membre,http://www.jean-louis-tourenne.eu|https://twitter.com/jeanlouistouren|,jl.tourenne@senat.fr|,jeanlouistouren
"Jean-Jacques Lozach",H,23,Creuse,"non disponible",SOC,Culture_Education,Membre,http://www.jjlozach.fr|https://twitter.com/SenateurLozach|,jj.lozach@senat.fr|jjlozach@orange.fr|,SenateurLozach
"Pierre Frogier",H,988,Nouvelle-Calédonie,"non disponible",LR,Lois,Membre,,p.frogier@senat.fr|,
"Yves Daudigny",H,02,Aisne,"non disponible",SOC,"Affaires sociales",Vice-Président,http://www.yvesdaudigny.com|https://twitter.com/YDaudigny|,y.daudigny@senat.fr|,YDaudigny
"Frédérique Espagnac",F,64,Pyrénées-Atlantiques,"non disponible",SOC,Finances,Membre,https://twitter.com/FEspagnac|http://www.frederiqueespagnac.com|,f.espagnac@senat.fr|,FEspagnac
"Thani Mohamed Soilihi",H,976,Mayotte,"non disponible",LREM,Lois,Membre,,t.mohamed-soilihi@senat.fr|,
"Christophe-André Frassa",H,999,"Français établis hors de France","non disponible",LR,Lois,Secrétaire,http://www.facebook.com/cfrassa|http://fr.linkedin.com/in/cfrassa|https://twitter.com/C_Frassa|https://m.facebook.com/cafrassa|,c.frassa@senat.fr|,C_Frassa
"Charles Guené",H,52,Haute-Marne,"non disponible",LR,Finances,Vice-Président,http://www.charlesguene.fr|,c.guene@senat.fr|,
"Daniel Laurent",H,17,Charente-Maritime,"non disponible",LR,"Affaires économiques",Secrétaire,,cab.daniel.laurent@orange.fr|,
"Jean-Noël Cardoux",H,45,Loiret,"non disponible",LR,"Affaires sociales",Membre,https://twitter.com/jncardoux|,jn.cardoux@senat.fr|,jncardoux
"Philippe Dominati",H,75,Paris,"non disponible",LR,Finances,Vice-Président,https://twitter.com/PhDominati|http://www.philippe-dominati.com|,ph.dominati@senat.fr|,PhDominati
"Jacques-Bernard Magner",H,63,Puy-de-Dôme,"non disponible",SOC,Culture_Education,Vice-Président,https://twitter.com/JBMagner|http://www.jacques-bernard-magner.fr|,jb.magner@senat.fr|,JBMagner
"Jean-François Husson",H,54,Meurthe-et-Moselle,"non disponible",LR,Finances,Vice-Président,http://www.jeanfrancoishusson.fr|https://twitter.com/jf_husson|,jf.husson@senat.fr|,jf_husson
"Simon Sutour",H,30,Gard,"non disponible",SOC,Lois,Membre,http://simonsutour.fr|https://twitter.com/sutour|,Simon.Sutour@orange.fr|simon.sutour@orange.fr|,sutour
"Albéric de Montgolfier",H,28,Eure-et-Loir,"non disponible",LR,Finances,Rapporteur,https://twitter.com/aldemontgolfier|http://www.alberic-de-montgolfier.fr|,a.de-montgolfier@senat.fr|,aldemontgolfier
"Philippe Nachbar",H,54,Meurthe-et-Moselle,"non disponible",LR,Culture_Education,Membre,,,
"Bernard Fournier",H,42,Loire,"non disponible",LR,"Affaires étrangères_Défense",Membre,,b.fournier@senat.fr|,
"Joël Guerriau",H,44,Loire-Atlantique,"non disponible",RTLI,"Affaires étrangères_Défense",Vice-Président,https://twitter.com/joel_guerriau|http://www.joelguerriau.fr|https://www.facebook.com/joelguerriau|,j.guerriau@senat.fr|,joel_guerriau
"Richard Yung",H,999,"Français établis hors de France","non disponible",LREM,"Affaires étrangères_Défense",Membre,http://www.facebook.com/senateur.richard.yung|https://twitter.com/SenateurRYung|http://www.richardyung.fr|,r.yung@senat.fr|,SenateurRYung
"Michel Boutant",H,16,Charente,"non disponible",SOC,"Affaires étrangères_Défense",Membre,,m.boutant@senat.fr|,
"Maryvonne Blondin",F,29,Finistère,"non disponible",SOC,Culture_Education,Membre,http://www.maryvonne-blondin.fr|https://twitter.com/m_blondin|,m.blondin@senat.fr|,m_blondin
"Claude Bérit-Débat",H,24,Dordogne,"non disponible",SOC,"Aménagement du territoire",Vice-Président,http://www.beritdebat2014.fr|,c.berit-debat@senat.fr|,
"Guillaume Arnell",H,978,Saint-Martin,"non disponible",RDSE,"Affaires sociales",Vice-Président,https://twitter.com/GuillaumeArnell|,g.arnell@senat.fr|,GuillaumeArnell
"André Gattolin",H,92,Hauts-de-Seine,"non disponible",LREM,Culture_Education,Membre,http://arctiquesenateur.tumblr.com|http://andregattolin.eelv.fr|http://www.facebook.com/pages/Andr%C3%A9-Gattolin/279293882080708|https://twitter.com/AndreGattolin|http://www.andregattolin.net|http://www.facebook.com/pages/André-Gattolin/279293882080708|,a.gattolin@senat.fr|,AndreGattolin
"Françoise Laborde",F,31,Haute-Garonne,"non disponible",RDSE,Culture_Education,Vice-Présidente,http://www.francoiselaborde.fr|https://twitter.com/Laborde_Senat|,f.laborde@senat.fr|,Laborde_Senat
"Philippe Dallier",H,93,Seine-Saint-Denis,"non disponible",LR,Finances,Membre,https://twitter.com/philippedallier|http://www.philippedallier.fr|,p.dallier@senat.fr|,philippedallier
"Elisabeth Doineau",F,53,Mayenne,"non disponible",UC,"Affaires sociales","Vice Présidente",http://instagram.com/elisabeth_doineau/|https://elisabethdoineau.wordpress.com|https://www.facebook.com/elisabethdoineau|https://twitter.com/E_Doineau|http://instagram.com/elisabeth_doineau|,e.doineau@senat.fr|,E_Doineau
"Hervé Maurey",H,27,Eure,"non disponible",UC,"Aménagement du territoire",Président,http://www.facebook.com/home.php?#!/profile.php?id=100000825785840&ref=ts|https://twitter.com/HMaurey|http://www.facebook.com/home.php|,h.maurey@senat.fr|,HMaurey
"Robert Laufoaulu",H,986,Wallis-et-Futuna,"non disponible",RTLI,"Affaires étrangères_Défense",Membre,,r.laufoaulu@senat.fr|,
"Jean-Pierre Sueur",H,45,Loiret,"non disponible",SOC,Lois,Vice-Président,http://www.jpsueur.com|https://www.facebook.com/jpsueur|http://jpsueur.blog.lemonde.fr|https://twitter.com/JP_Sueur|,jp.sueur@senat.fr|,JP_Sueur
"Philippe Bonnecarrere",H,81,Tarn,"non disponible",UC,Lois,Membre,,p.bonnecarrere@senat.fr|,
"Gérard Larcher",H,78,Yvelines,"non disponible",LR,,"Président du Sénat",https://twitter.com/gerard_larcher|http://bit.ly/1sse6cU|,g.larcher@senat.fr|,gerard_larcher
"Roland Courteau",H,11,Aude,"non disponible",SOC,"Affaires économiques",Membre,"https://fr-fr.facebook.com/Roland-Courteau-233281690015566/ |http://www.roland-courteau.com|https://twitter.com/RolandCourteau|https://fr-fr.facebook.com/Roland-Courteau-233281690015566|",roland.courteau@wanadoo.fr|,RolandCourteau
"Marie-Noëlle Lienemann",F,75,Paris,"non disponible",CRCE,"Affaires économiques",Membre,http://lienemann.typepad.fr|https://twitter.com/mnlienemann|http://fr-fr.facebook.com/pages/Marie-No%C3%ABlle-Lienemann/24112321048|http://www.mnlienemann.fr|,mn.lienemann@senat.fr|,mnlienemann
"Lana Tetuanui",F,987,Polynésie-française,"non disponible",UC,Lois,Membre,https://twitter.com/LanaTetuanui|,l.tetuanui@senat.fr|,LanaTetuanui
"Rémy Pointereau",H,18,Cher,"non disponible",LR,"Aménagement du territoire",Membre,http://www.remypointereau.fr|https://twitter.com/remypointereau|,r.pointereau@senat.fr|,remypointereau
"Claudine Lepage",F,999,"Français établis hors de France","non disponible",SOC,Culture_Education,Secrétaire,http://fr-fr.facebook.com/claudinelepage|https://twitter.com/claudinelepage|http://claudinelepage.eu|,c.lepage@senat.fr|,claudinelepage
"Rachel Mazuir",H,01,Ain,"non disponible",SOC,"Affaires étrangères_Défense",Membre,https://twitter.com/rachelmazuirse1|,r.mazuir@senat.fr|,rachelmazuirse1
"Yannick Botrel",H,22,Côtes-d'Armor,"non disponible",SOC,Finances,Membre,http://www.yannickbotrel-senateur.fr/|,permanence.botrel@orange.fr|y.botrel@senat.fr|,
"Bruno Retailleau",H,85,Vendée,"non disponible",LR,Culture_Education,Membre,https://twitter.com/brunoretailleau|https://www.instagram.com/bruno_retailleau/|https://www.facebook.com/BrunoRetailleau/|http://brunoretailleau.fr|http://www.force-republicaine.fr|https://www.facebook.com/BrunoRetailleau|https://www.instagram.com/bruno_r,b.retailleau@senat.fr|,brunoretailleau
"Alain Dufaut",H,84,Vaucluse,"non disponible",LR,Culture_Education,Secrétaire,,p.nom@senat.fr|permadufaut@orange.fr|alain.dufaut@orange.fr|,
"Gisèle Jourda",F,11,Aude,"non disponible",SOC,"Affaires étrangères_Défense",Membre,http://gisele-jourda.fr|https://twitter.com/GiseleJourda|https://www.facebook.com/senatrice.gisele.jourda|,g.jourda@senat.fr|,GiseleJourda
"Marc Laménie",H,08,Ardennes,"non disponible",LR,Finances,Secrétaire,,m.lamenie@senat.fr|,
"Jean-Yves Leconte",H,999,"Français établis hors de France","non disponible",SOC,Lois,Membre,http://www.jyleconte.fr|,jy.leconte@senat.fr|,
"Joël Labbé",H,56,Morbihan,"non disponible",RDSE,"Affaires économiques",Membre,http://www.joellabbe.fr|http://www.facebook.com/joellabbe|https://twitter.com/JLabbeSenat|,j.labbe@senat.fr|,JLabbeSenat
"Jean-Pierre Leleux",H,06,Alpes-Maritimes,"non disponible",LR,Culture_Education,Vice-Président,http://www.jpleleux.com|http://www.jpleleux.fr|https://twitter.com/jpleleux|,jp.leleux@senat.fr|,jpleleux
"Valérie Létard",F,59,Nord,"non disponible",UC,"Affaires économiques",Secrétaire,http://www.valerieletard.org|https://www.facebook.com/pages/Valérie-Létard/49351479658|https://twitter.com/valerieletard|,v.letard@senat.fr|,valerieletard
"Pierre Laurent",H,75,Paris,"non disponible",CRCE,"Affaires étrangères_Défense",Vice-Président,http://www.pierrelaurent.org|https://twitter.com/plaurent_pcf|,p.laurent@senat.fr|,plaurent_pcf
"Benoît Huré",H,08,Ardennes,"non disponible",LR,"Aménagement du territoire",Membre,,benoit.hure@orange.fr|,
"Bernard Lalande",H,17,Charente-Maritime,"non disponible",SOC,Finances,Membre,http://www.facebook.com/senateurLalandeBernard/|https://twitter.com/LalandeBernard|http://www.bernardlalande.fr|http://www.facebook.com/senateurLalandeBernard|,b.lalande@senat.fr|,LalandeBernard
"André Reichardt",H,67,Bas-Rhin,"non disponible",LR,Lois,"Vice Président",https://twitter.com/andre_reichardt|http://www.andrereichardt.com|http://www.facebook.com/andre.reichardt1|,a.reichardt@senat.fr|,andre_reichardt
"Françoise Cartron",F,33,Gironde,"non disponible",LREM,"Aménagement du territoire",Membre,https://twitter.com/f_cartron|http://www.francoisecartron.fr|http://www.francoisecartron.com|https://www.facebook.com/francoise.cartron|,f.cartron@senat.fr|,f_cartron
"Anne-Catherine Loisier",F,21,Côte-d'Or,"non disponible",UC,"Affaires économiques",Vice-Président,http://acloisier.fr|https://twitter.com/ac_loisier|,ac.loisier@senat.fr|,ac_loisier
"Colette Mélot",F,77,Seine-et-Marne,"non disponible",RTLI,Culture_Education,Vice-Présidente,https://twitter.com/colettemelot|https://www.facebook.com/colette.melot.senatrice|,c.melot@senat.fr|,colettemelot
"Nathalie Goulet",F,61,Orne,"non disponible",UC,Finances,Secrétaire,https://www.nathaliegoulet-senat.fr|https://twitter.com/senateur61|http://www.huffingtonpost.fr/author/nathalie-goulet/|https://blogs.mediapart.fr/senateur-goulet/blog|http://www.nathaliegoulet.fr|http://www.huffingtonpost.fr/author/nathalie-goulet|,n.goulet@senat.fr|,senateur61
"Jean-Noël Guérini",H,13,Bouches-du-Rhône,"non disponible",RDSE,"Affaires étrangères_Défense",Vice-Président,http://www.jn-guerini.fr|https://twitter.com/jnguerini|,jn.guerini@senat.fr|,jnguerini
"René-Paul Savary",H,51,Marne,"non disponible",LR,"Affaires sociales",Vice-Président,https://www.youtube.com/channel/UClpcQzPR56-nwRD_xeHqhyA|https://twitter.com/renepaulsavary|http://www.renepaulsavary.fr|http://www.facebook.com/renepaulsavary?sk=wall|http://www.facebook.com/renepaulsavary|,rp.savary@senat.fr|,renepaulsavary
"Guy-Dominique Kennel",H,67,Bas-Rhin,"non disponible",LR,Culture_Education,Membre,https://twitter.com/GuyDoKENNEL|,gd.kennel@senat.fr|,GuyDoKENNEL
"Philippe Paul",H,29,Finistère,"non disponible",LR,"Affaires étrangères_Défense",Secrétaire,http://www.philippe-paul-senateur.fr|,p.paul@senat.fr|,
"Michel Savin",H,38,Isère,"non disponible",LR,Culture_Education,Secrétaire,http://www.michelsavin.fr|https://twitter.com/michelsavin38|https://www.facebook.com/MichelSavin38/|https://www.facebook.com/MichelSavin38|,m.savin@senat.fr|,michelsavin38
"François Patriat",H,21,Côte-d'Or,"non disponible",LREM,"Affaires étrangères_Défense",Membre,https://twitter.com/f_patriat|http://www.francoispatriat.fr|http://bit.ly/francois_patriat|https://www.facebook.com/patriatfrancois|,f.patriat@senat.fr|,f_patriat
"Joëlle Garriaud-Maylam",F,999,"Français établis hors de France","non disponible",LR,"Affaires étrangères_Défense",Secrétaire,https://twitter.com/senateurJGM|https://www.facebook.com/jgarriaudmaylam|http://www.joellegarriaud.com|,j.garriaud-maylam@senat.fr|,senateurJGM
"Alain Milon",H,84,Vaucluse,"non disponible",LR,"Affaires sociales",Président,https://twitter.com/SenateurMilon|,a.milon@senat.fr|,SenateurMilon
"Roger Karoutchi",H,92,Hauts-de-Seine,"non disponible",LR,Finances,Membre,https://twitter.com/Rkaroutchi|,r.karoutchi@senat.fr|,Rkaroutchi
"Alain Chatillon",H,31,Haute-Garonne,"non disponible",LR,"Affaires économiques",Vice-Président,,a.chatillon@senat.fr|,
"Nuihau Laurey",H,987,Polynésie-française,"non disponible",UC,Finances,Membre,,n.laurey@senat.fr|,
"Didier Marie",H,76,Seine-Maritime,"non disponible",SOC,Lois,Membre,https://twitter.com/Didier_Marie76|,d.marie@senat.fr|,Didier_Marie76
"Brigitte Micouleau",F,31,Haute-Garonne,"non disponible",LR,"Affaires sociales",Membre,https://twitter.com/bmicouleau|http://brigittemicouleau.fr|,b.micouleau@senat.fr|,bmicouleau
"Jean-François Longeot",H,25,Doubs,"non disponible",UC,"Aménagement du territoire",Secrétaire,https://twitter.com/jf_longeot|,jf.longeot@senat.fr|,jf_longeot
"Michel Vaspart",H,22,Côtes-d'Armor,"non disponible",LR,"Aménagement du territoire",Vice-Président,http://www.michelvaspart.fr|https://twitter.com/MichelVASPART|,m.vaspart@senat.fr|,MichelVASPART
"François Bonhomme",H,82,Tarn-et-Garonne,"non disponible",LR,Lois,Membre,https://twitter.com/F_Bonhomme|,f.bonhomme@senat.fr|,F_Bonhomme
"Louis-Jean de Nicolay",H,72,Sarthe,"non disponible",LR,"Aménagement du territoire",Membre,https://www.facebook.com/louisjeandenicolaysenateur|http://www.ljdenicolay.com|,lj.de-nicolay@senat.fr|a.fisseau@clb.senat.fr|,
"Claude Nougein",H,19,Corrèze,"non disponible",LR,Finances,Membre,,c.nougein@senat.fr|,
"Jean Pierre Vogel",H,72,Sarthe,"non disponible",LR,Finances,Membre,,jp.vogel@senat.fr|,
"Catherine Di Folco",F,69,Rhône,"non disponible",LR,Lois,Vice-Présidente,http://www.catherinedifolco.com|,c.di-folco@senat.fr|,
"Michel Canevet",H,29,Finistère,"non disponible",UC,Finances,Membre,http://michelcanevet.fr|https://twitter.com/michelcanevet|https://www.facebook.com/Mcanevet29|,m.canevet@senat.fr|,michelcanevet
"Nicole Duranton",F,27,Eure,"non disponible",LR,Culture_Education,Membre,https://twitter.com/NicoleDuranton|,n.duranton@senat.fr|,NicoleDuranton
"Jean-Yves Roux",H,04,Alpes-de-Haute-Provence,"non disponible",RDSE,Culture_Education,Membre,https://twitter.com/rouxjy|,jy.roux@senat.fr|,rouxjy
"Jérôme Bignon",H,80,Somme,"non disponible",RTLI,"Aménagement du territoire",Membre,http://www.bignon.info|https://twitter.com/jeromebignon|,jerome@bignon.info|,jeromebignon
"René Danesi",H,68,Haut-Rhin,"non disponible",LR,"Affaires étrangères_Défense",Membre,,r.danesi@senat.fr|,
"Henri Cabanel",H,34,Hérault,"non disponible",RDSE,"Affaires économiques",Membre,https://senateurcabanel.com|https://twitter.com/senateurcabanel|,h.cabanel@senat.fr|senateurcabanel@gmail.com|,senateurcabanel
"Jacques Bigot",H,67,Bas-Rhin,"non disponible",SOC,Lois,Vice-Président,https://twitter.com/jacquesbigot|https://www.facebook.com/jacques.bigot.35|,jacques.bigot@senat.fr|,jacquesbigot
"Michel Forissier",H,69,Rhône,"non disponible",LR,"Affaires sociales",Secrétaire,https://www.facebook.com/michel.forissier.69|https://twitter.com/michelforissier|http://michelforissier.fr|,m.forissier@senat.fr|,michelforissier
"Sylvie Robert",F,35,Ille-et-Vilaine,"non disponible",SOC,Culture_Education,Vice-Présidente,http://www.sylvie-robert.fr|https://twitter.com/Sy_robert|,s.robert@senat.fr|,Sy_robert
"Alain Joyandet",H,70,Haute-Saône,"non disponible",LR,Finances,Secrétaire,https://www.alainjoyandet.fr|https://twitter.com/AJoyandet|https://www.facebook.com/ajoyandet|,a.joyandet@senat.fr|,AJoyandet
"Jacques Grosperrin",H,25,Doubs,"non disponible",LR,Culture_Education,Vice-Président,https://twitter.com/JGrosperrin|http://www.jacquesgrosperrin2014.fr|,j.grosperrin@senat.fr|,JGrosperrin
"Pascal Allizard",H,14,Calvados,"non disponible",LR,"Affaires étrangères_Défense",Vice-Président,http://www.pascalallizard.fr|http://pascalallizard.unblog.fr|https://twitter.com/AllizardPascal|,p.allizard@senat.fr|,AllizardPascal
"Vivette Lopez",F,30,Gard,"non disponible",LR,Culture_Education,Membre,,v.lopez@senat.fr|,
"Mireille Jouve",F,13,Bouches-du-Rhône,"non disponible",RDSE,Culture_Education,Membre,,m.jouve@senat.fr|,
"Olivier Cadic",H,999,"Français établis hors de France","non disponible",UC,"Affaires étrangères_Défense",Secrétaire,http://oliviercadic.com|https://twitter.com/OlivierCadic|,o.cadic@senat.fr|,OlivierCadic
"Michel Raison",H,70,Haute-Saône,"non disponible",LR,"Affaires économiques",Membre,https://twitter.com/michel_raison|,m.raison@senat.fr|,michel_raison
"Jean-Claude Luche",H,12,Aveyron,"non disponible",UC,"Aménagement du territoire",Membre,https://twitter.com/JeanClaudeLUCHE|,jc.luche@senat.fr|,JeanClaudeLUCHE
"Pascale Gruny",F,02,Aisne,"non disponible",LR,"Affaires sociales",Secrétaire,http://www.pascale-gruny.eu|https://twitter.com/PascaleGruny02|,p.gruny@senat.fr|,PascaleGruny02
"Gilbert Bouchet",H,26,Drôme,"non disponible",LR,"Affaires étrangères_Défense",Membre,https://twitter.com/BouchetGilbert|http://www.facebook.com/senateur.Gilbert.Bouchet|,g.bouchet@senat.fr|,BouchetGilbert
"Corinne Imbert",F,17,Charente-Maritime,"non disponible",LR,"Affaires sociales",Secrétaire,https://twitter.com/imbertcorinne17|https://www.facebook.com/corinne.imbert.14|,c.imbert@senat.fr|,imbertcorinne17
"Claude Raynal",H,31,Haute-Garonne,"non disponible",SOC,Finances,Vice-Président,http://www.claude-raynal.fr|https://twitter.com/ClaudeRaynal|,c.raynal@senat.fr|,ClaudeRaynal
"Mathieu Darnaud",H,07,Ardèche,"non disponible",LR,Lois,Membre,https://twitter.com/mathdarnaud|,m.darnaud@senat.fr|,mathdarnaud
"Alain Marc",H,12,Aveyron,"non disponible",RTLI,Lois,Vice-Président,,a.marc@senat.fr|,
"Nelly Tocqueville",F,76,Seine-Maritime,"non disponible",SOC,"Aménagement du territoire",Vice-Présidente,,n.tocqueville@senat.fr|,
"Philippe Mouiller",H,79,Deux-Sèvres,"non disponible",LR,"Affaires sociales",Membre,https://twitter.com/Mouiller_P|,p.mouiller@senat.fr|,Mouiller_P
"Franck Montaugé",H,32,Gers,"non disponible",SOC,"Affaires économiques",Vice-Président,http://www.franckmontauge.fr|https://twitter.com/FranckMontauge|,f.montauge@senat.fr|,FranckMontauge
"Jean-Pierre Grand",H,34,Hérault,"non disponible",LR,"Affaires étrangères_Défense",Membre,http://www.jeanpierregrand.fr|https://www.facebook.com/jpgrand34|https://twitter.com/JeanPierreGrand|,jp.grand@senat.fr|,JeanPierreGrand
"Claude Kern",H,67,Bas-Rhin,"non disponible",UC,Culture_Education,Secrétaire,https://www.facebook.com/senateurclaudekern/|https://twitter.com/claude_kern|https://www.facebook.com/senateurclaudekern|,senateurclaudekern@gmail.com|c.kern@senat.fr|,claude_kern
"Jean-Marc Gabouty",H,87,Haute-Vienne,"non disponible",RDSE,Finances,Membre,http://gabouty2012.fr|https://twitter.com/JMGabouty|,jm.gabouty@senat.fr|,JMGabouty
"Christine Prunaud",F,22,Côtes-d'Armor,"non disponible",CRCE,"Affaires étrangères_Défense",Membre,http://christineprunaud.fr|https://www.facebook.com/Christine-Prunaud-S%C3%A9natrice-des-C%C3%B4tes-dArmor-322233454640961/|,c.prunaud@senat.fr|,
"Cyril Pellevat",H,74,Haute-Savoie,"non disponible",LR,"Aménagement du territoire",Secrétaire,https://twitter.com/CyrilPellevat|,c.pellevat@senat.fr|,CyrilPellevat
"Loïc Hervé",H,74,Haute-Savoie,"non disponible",UC,Lois,Secrétaire,https://loicherve.fr|http://loicherve.hautetfort.com|https://twitter.com/loichervepublic|https://www.youtube.com/user/loicherve|https://www.facebook.com/loichervepage|https://www.instagram.com/loichervepublic|https://www.facebook.com/loic.herve.public|htt,l.herve@senat.fr|,loichervepublic
"Didier Mandelli",H,85,Vendée,"non disponible",LR,"Aménagement du territoire",Vice-Président,http://www.didiermandelli.fr|https://twitter.com/DidierMandelli|,d.mandelli@senat.fr|,DidierMandelli
"Annie Guillemot",F,69,Rhône,"non disponible",SOC,"Affaires économiques",Membre,https://www.annieguillemot.fr|,a.guillemot@senat.fr|,
"Claude Malhuret",H,03,Allier,"non disponible",RTLI,Culture_Education,Membre,https://twitter.com/ClaudeMalhuret|,c.malhuret@senat.fr|,ClaudeMalhuret
"Alain Duran",H,09,Ariège,"non disponible",SOC,"Affaires économiques",Membre,,a.duran@senat.fr|,
"Christian Manable",H,80,Somme,"non disponible",SOC,Culture_Education,Membre,,c.manable@senat.fr|,
"Marie-Françoise Perol-Dumont",F,87,Haute-Vienne,"non disponible",SOC,"Affaires étrangères_Défense",Secrétaire,https://twitter.com/mfperoldumont87|,mf.perol-dumont@senat.fr|,mfperoldumont87
"Jean-Jacques Panunzi",H,2A,Corse-du-Sud,"non disponible",LR,"Aménagement du territoire",Membre,,jj.panunzi@senat.fr|,
"Annick Billon",F,85,Vendée,"non disponible",UC,Culture_Education,Membre,http://www.annickbillon.fr|https://www.facebook.com/annick.billon.7|https://twitter.com/AnnickBillon|http://bit.ly/1tgR7jS|,a.billon@senat.fr|a.billon-senat@orange.fr|,AnnickBillon
"Stéphane Ravier",H,13,Bouches-du-Rhône,"non disponible",NI,"Affaires étrangères_Défense",Membre,http://www.stephaneravier.fr|https://twitter.com/Stephane_Ravier|,s.ravier@senat.fr|,Stephane_Ravier
"Thierry Carcenac",H,81,Tarn,"non disponible",SOC,Finances,Secrétaire,,t.carcenac@senat.fr|,
"Cédric Perrin",H,90,Territoire-de-Belfort,"non disponible",LR,"Affaires étrangères_Défense",Vice-Président,https://twitter.com/cperrin90|,cedric.perrin@senat.fr|,cperrin90
"Antoine Karam",H,973,Guyane,"non disponible",LREM,Culture_Education,Vice-Président,http://www.antoinekaram.fr|https://twitter.com/AKaram973|https://www.facebook.com/antoine.karam973|,a.karam@senat.fr|,AKaram973
"Patrick Chaize",H,01,Ain,"non disponible",LR,"Aménagement du territoire",Vice-Président,http://www.patrick-chaize.fr|https://twitter.com/p_chaize|https://www.facebook.com/patrick.chaize.10|,p.chaize@senat.fr|,p_chaize
"Chantal Deseyne",F,28,Eure-et-Loir,"non disponible",LR,"Affaires sociales",Membre,,c.deseyne@senat.fr|,
"Daniel Chasseing",H,19,Corrèze,"non disponible",RTLI,"Affaires sociales",Vice-Président,https://www.facebook.com/chasseing.daniel|https://twitter.com/DanielChasseing|,d.chasseing@senat.fr|,DanielChasseing
"Patricia Morhet-Richaud",F,05,Hautes-Alpes,"non disponible",LR,"Affaires économiques",Membre,https://www.facebook.com/pages/S%C3%A9natrice-Patricia-Morhet-Richaud/941337435897393|https://twitter.com/MorhetRichaud|https://www.facebook.com/pages/Sénatrice-Patricia-Morhet-Richaud/941337435897393|,p.morhet-richaud@senat.fr|senatricedeshautesalpes@gmail.com|,MorhetRichaud
"Olivier Cigolotti",H,43,Haute-Loire,"non disponible",UC,"Affaires étrangères_Défense",Vice-Président,,o.cigolotti@senat.fr|,
"Corinne Feret",F,14,Calvados,"non disponible",SOC,"Affaires sociales",Secrétaire,https://twitter.com/CorinneFeret|,c.feret@senat.fr|,CorinneFeret
"Marie Mercier",F,71,Saône-et-Loire,"non disponible",LR,Lois,Secrétaire,https://twitter.com/mmerciersenat|http://www.senateurs-emorine-mercier.fr|,marie.mercier@senat.fr|,mmerciersenat
"Bernard Delcros",H,15,Cantal,"non disponible",UC,Finances,Vice-Président,http://www.bdelcros-senateur.fr|https://www.facebook.com/people/Bernard-Delcros/100008522839242|https://twitter.com/bernarddelcros|,bernard.delcros@senateurcantal.fr|b.delcros@senat.fr|,bernarddelcros
"Anne Chain-Larché",F,77,Seine-et-Marne,"non disponible",LR,"Affaires économiques",Membre,http://annechainlarche.com|https://twitter.com/anne_chain|http://nnechainlarche.wordpress.com|https://www.facebook.com/annechainlarche|https://www.facebook.com/annechainlarche77|,a.chain-larche@senat.fr|,anne_chain
"Jean-François Rapin",H,62,Pas-de-Calais,"non disponible",LR,Finances,Membre,,jf.rapin@senat.fr|,
"Frédérique Gerbaud",F,36,Indre,"non disponible",LR,"Affaires sociales",Membre,https://twitter.com/GerbaudFrdriqu1|,f.gerbaud@senatrice-indre.fr|f.gerbaud@senat.fr|,GerbaudFrdriqu1
"Pierre Cuypers",H,77,Seine-et-Marne,"non disponible",LR,"Affaires économiques",Membre,https://twitter.com/PierreCuypers77|,,PierreCuypers77
"Jean-Marc Todeschini",H,57,Moselle,"non disponible",SOC,"Affaires étrangères_Défense",Vice-Président,https://twitter.com/JM_Todeschini|,secretariat-senateur-todeschini@wanadoo.fr|jm.todeschini@senat.fr|,JM_Todeschini
"Laurence Rossignol",F,60,Oise,"non disponible",SOC,"Affaires sociales",Membre,https://twitter.com/laurossignol|,l.rossignol@senat.fr|,laurossignol
"André Vallini",H,38,Isère,"non disponible",SOC,"Affaires étrangères_Défense",Membre,https://twitter.com/VALLINIAndre|http://www.gouvernement.fr/ministre/andre-vallini|,a.vallini@senat.fr|,VALLINIAndre
"Josiane Costes",F,15,Cantal,"non disponible",RDSE,Lois,Membre,https://twitter.com/JosianeCostes|,j.costes@senat.fr|,JosianeCostes
"Gilbert-Luc Devinaz",H,69,Rhône,"non disponible",SOC,"Affaires étrangères_Défense",Membre,,gl.devinaz@senat.fr|,
"Noëlle Rauscent",F,89,Yonne,"non disponible",LREM,"Affaires économiques",Vice-Présidente,https://twitter.com/NRauscent89|,,NRauscent89
"Anne-Marie Bertrand",F,13,Bouches-du-Rhône,"non disponible",LR,"Affaires économiques",Membre,http://ambertrand.org|https://twitter.com/AMBERTRAND|,am.bertrand@senat.fr|,AMBERTRAND
"Martine Berthet",F,73,Savoie,"non disponible",LR,"Affaires sociales",Membre,http://www.martineberthet2014.fr|https://twitter.com/mberthet2014|,m.berthet@senat.fr|,mberthet2014
"Jean-Luc Fichet",H,29,Finistère,"non disponible",SOC,Lois,Membre,http://www.jeanlucfichet.fr|https://twitter.com/jlffichet|,jl.fichet@senat.fr|,jlffichet
"Christine Lanfranchi Dorgal",F,83,Var,"non disponible",LR,"Aménagement du territoire",Membre,,c.lanfranchi-dorgal@senat.fr|,
"Jordi Ginesta",H,83,Var,"non disponible",LR,"Aménagement du territoire",Membre,,j.ginesta@senat.fr|,
"Sonia de La Provôté",F,14,Calvados,"non disponible",UC,Culture_Education,Membre,https://twitter.com/SoniadlpCaen|http://facebook.com/sonia.delaprovote|,s.delaprovote@senat.fr|,SoniadlpCaen
"Michèle Vullien",F,69,Rhône,"non disponible",UC,"Aménagement du territoire",Membre,,m.vullien@senat.fr|,
"Henri Leroy",H,06,Alpes-Maritimes,"non disponible",LR,Lois,Membre,http://www.facebook.com/henrileroy|https://twitter.com/hleroymandelieu|,h.leroy@senat.fr|,hleroymandelieu
"Laurence Harribey",F,33,Gironde,"non disponible",SOC,Lois,Secrétaire,https://twitter.com/L_Harribey|http://www.choisirnotreeurope.fr/members#sud-ouest/2|,l.harribey@senat.fr|,L_Harribey
"Florence Lassarade",F,33,Gironde,"non disponible",LR,"Affaires sociales",Membre,,f.lassarade@senat.fr|,
"Alain CAZABONNE",H,33,Gironde,"non disponible",UC,"Affaires étrangères_Défense",Membre,https://twitter.com/ACazabonne|,a.cazabonne@senat.fr|,ACazabonne
"Nathalie Delattre",F,33,Gironde,"non disponible",RDSE,Lois,Vice-Présidente,https://twitter.com/n_delattre|https://www.facebook.com/nathaliedelattre33000/|http://nathaliedelattre.fr|https://www.facebook.com/nathaliedelattre33000|,n.delattre@senat.fr|,n_delattre
"Alain Schmitz",H,78,Yvelines,"non disponible",LR,Culture_Education,Membre,,a.schmitz@senat.fr|,
"Catherine Dumas",F,75,Paris,"non disponible",LR,Culture_Education,Vice-Présidente,https://twitter.com/catherine_dumas|,c.dumas@senat.fr|,catherine_dumas
"Michelle Gréaume",F,59,Nord,"non disponible",CRCE,"Affaires sociales",Membre,https://www.facebook.com/michelle.greaume.7|https://twitter.com/michellegreaume|http://michellegreaume.fr|,m.greaume@senat.fr|,michellegreaume
"Sébastien Meurant",H,95,Val-d'Oise,"non disponible",LR,Finances,Membre,https://twitter.com/SmeurantL|,s.meurant@senat.fr|,SmeurantL
"Jean-Marc Boyer",H,63,Puy-de-Dôme,"non disponible",LR,"Aménagement du territoire",Membre,https://twitter.com/BoyerJ_M|,jm.boyer@senat.fr|,BoyerJ_M
"Jean-Marie Mizzon",H,57,Moselle,"non disponible",UC,Culture_Education,Membre,https://twitter.com/MIZZONJeanMari1|,jm.mizzon@senat.fr|,MIZZONJeanMari1
"Gérard Poadja",H,988,Nouvelle-Calédonie,"non disponible",UC,"Affaires étrangères_Défense",Membre,,g.poadja@senat.fr|,
"Évelyne Renaud-Garabedian",F,999,"Français établis hors de France","non disponible",LR,"Affaires économiques",Membre,http://alliancesolidaire.org|https://twitter.com/e_renaud_G|,e.renaud-garabedian@senat.fr|,e_renaud_G
"Claudine Thomas",F,77,Seine-et-Marne,"non disponible",LR,Lois,Membre,https://twitter.com/SenatriceThomas|,c.thomas@senat.fr|,SenatriceThomas
"Pierre Louault",H,37,Indre-et-Loire,"non disponible",UC,"Affaires économiques",Membre,,p.louault@senat.fr|,
"Patrick Kanner",H,59,Nord,"non disponible",SOC,Lois,Membre,http://www.patrickkanner.fr|https://twitter.com/PatrickKanner|,p.kanner@senat.fr|,PatrickKanner
"Marie-Christine Chauvin",F,39,Jura,"non disponible",LR,"Affaires économiques",Membre,https://twitter.com/ChauvinMcm|,mc.chauvin.39@gmail.com|mc.chauvin@senat.fr|,ChauvinMcm
"Olivier Jacquin",H,54,Meurthe-et-Moselle,"non disponible",SOC,"Aménagement du territoire",Membre,http://www.olivierjacquin.fr|https://twitter.com/Jacquin_Olivier|,o.jacquin@senat.fr|,Jacquin_Olivier
"Laurent Duplomb",H,43,Haute-Loire,"non disponible",LR,"Affaires économiques",Membre,,l.duplomb@senat.fr|,
"Sabine Van Heghe",F,62,Pas-de-Calais,"non disponible",SOC,"Affaires sociales",Membre,,s.van-heghe@senat.fr|,
"Pierre Ouzoulias",H,92,Hauts-de-Seine,"non disponible",CRCE,Culture_Education,Vice-Président,"https://www.pierreouzoulias.fr|https://twitter.com/OuzouliasP|https://www.facebook.com/POuzoulias/ |https://www.facebook.com/POuzoulias|",p.ouzoulias@senat.fr|,OuzouliasP
"Victoire Jasmin",F,971,Guadeloupe,"non disponible",SOC,"Affaires sociales",Membre,https://twitter.com/SenatriceJasmin|,v.jasmin@senat.fr|,SenatriceJasmin
"Éric Gold",H,63,Puy-de-Dôme,"non disponible",RDSE,"Aménagement du territoire",Membre,https://twitter.com/egold_senat|https://www.facebook.com/Ericgoldsenateur|,e.gold@senat.fr|,egold_senat
"Arnaud Bazin",H,95,Val-d'Oise,"non disponible",LR,Finances,Membre,http://www.valdoise.fr|https://twitter.com/arnaud_bazinVO|,a.bazin@senat.fr|,arnaud_bazinVO
"Abdallah Hassani",H,976,Mayotte,"non disponible",LREM,Culture_Education,Membre,,a.hassani@senat.fr|,
"Christine Herzog",F,57,Moselle,"non disponible",NI,"Aménagement du territoire",Membre,,c.herzog@senat.fr|,
"Laurent Lafon",H,94,Val-de-Marne,"non disponible",UC,Culture_Education,Membre,http://laurent-lafon.fr|https://twitter.com/L_Lafon|,l.lafon@senat.fr|,L_Lafon
"Angèle Préville",F,46,Lot,"non disponible",SOC,"Aménagement du territoire",Membre,https://twitter.com/AngelePreville|,,AngelePreville
"Marc-Philippe Daubresse",H,59,Nord,"non disponible",LR,Lois,Membre,http://www.mpdaubresse.com|http://www.daubresse2020.fr|https://twitter.com/DAUBRESSE_MP|,mp.daubresse@senat.fr|,DAUBRESSE_MP
"Max Brisson",H,64,Pyrénées-Atlantiques,"non disponible",LR,Culture_Education,Vice-Président,https://twitter.com/search|https://www.facebook.com/max.brisson.5|https://twitter.com/max_brisson|,m.brisson@senat.fr|,max_brisson
"Jacqueline Eustache-Brinio",F,95,Val-d'Oise,"non disponible",LR,Lois,Membre,,j.eustache-brinio@senat.fr|,
"Ronan Le Gleut",H,999,"Français établis hors de France","non disponible",LR,"Affaires étrangères_Défense",Membre,https://twitter.com/ronan_legleut|,r.le-gleut@senat.fr|,ronan_legleut
"Michel Dennemont",H,974,Réunion,"non disponible",LREM,"Aménagement du territoire",Membre,,m.dennemont@senat.fr|,
"Martine Filleul",F,59,Nord,"non disponible",SOC,"Aménagement du territoire",Membre,http://www.martinefilleul.fr|https://twitter.com/martine_filleul|,m.filleul@senat.fr|,martine_filleul
"Arnaud de Belenet",H,77,Seine-et-Marne,"non disponible",LREM,Lois,Vice-Président,,a.de-belenet@senat.fr|,
"Claudine Kauffmann",F,83,Var,"non disponible",NI,Culture_Education,Membre,,c.kauffmann@senat.fr|,
"Franck Menonville",H,55,Meuse,"non disponible",RTLI,"Affaires économiques",Membre,https://twitter.com/F_Menonville|http://www.facebook.com/FranckMenonville55|,f.menonville@senat.fr|,F_Menonville
"Jean-Michel Houllegatte",H,50,Manche,"non disponible",SOC,"Aménagement du territoire",Membre,https://twitter.com/JMHoullegatte|,jm.houllegatte@senat.fr|,JMHoullegatte
"Céline Boulay-Espéronnier",F,75,Paris,"non disponible",LR,Culture_Education,Membre,http://www.cbe16.fr|http://cbesp.blogspot.fr|https://twitter.com/CBE16|,c.boulay-esperonnier@senat.fr|,CBE16
"Muriel Jourda",F,56,Morbihan,"non disponible",LR,Lois,Membre,,m.jourda@senat.fr|,
"Marie-Pierre de La Gontrie",F,75,Paris,"non disponible",SOC,Lois,Membre,,,
"Catherine Conconne",F,972,Martinique,"non disponible",SOC,"Affaires économiques",Membre,https://twitter.com/CConconne|,c.conconne@senat.fr|,CConconne
"Hugues Saury",H,45,Loiret,"non disponible",LR,"Affaires étrangères_Défense",Membre,https://www.facebook.com/Hugues-Saury-1387538804592949/|http://www.huguessaury.fr|https://twitter.com/HSaury|https://www.facebook.com/Hugues-Saury-1387538804592949|,h.saury@senat.fr|,HSaury
"Guillaume Gontard",H,38,Isère,"non disponible",CRCE,"Aménagement du territoire",Vice-Président,https://twitter.com/GuillaumGontard|http://guillaume-gontard.fr|,g.gontard@senat.fr|,GuillaumGontard
"Victorin Lurel",H,971,Guadeloupe,"non disponible",SOC,Finances,Membre,https://twitter.com/VictorinLurel|http://www.facebook.com/lurel.victorin|,v.lurel@senat.fr|,VictorinLurel
"Patrice Joly",H,58,Nièvre,"non disponible",SOC,Finances,Membre,https://twitter.com/JolyPatrice|http://www.facebook.com/Joly-Patrice|,p.joly@senat.fr|,JolyPatrice
"Isabelle Raimond-Pavero",F,37,Indre-et-Loire,"non disponible",LR,"Affaires étrangères_Défense",Membre,,i.raimond-pavero@senat.fr|,
"Xavier Iacovelli",H,92,Hauts-de-Seine,"non disponible",LREM,"Affaires sociales",Membre,https://twitter.com/iacovellixavier|https://www.facebook.com/xavier.iacovelli/|https://iacovelli.fr|https://www.facebook.com/xavier.iacovelli|,x.iacovelli@senat.fr|,iacovellixavier
"Marta de Cidrac",F,78,Yvelines,"non disponible",LR,"Aménagement du territoire",Secrétaire,https://twitter.com/MartadeCidrac|,m.de-cidrac@senat.fr|,MartadeCidrac
"Didier Rambaud",H,38,Isère,"non disponible",LREM,Finances,Membre,https://www.didier-rambaud.fr|https://twitter.com/didier_rambaud|,d.rambaud@senat.fr|,didier_rambaud
"Olivier Henno",H,59,Nord,"non disponible",UC,"Affaires sociales",Secrétaire,https://twitter.com/OHenno|,o.henno@senat.fr|,OHenno
"Édouard Courtial",H,60,Oise,"non disponible",LR,"Affaires étrangères_Défense",Membre,https://twitter.com/EdouardCourtial|http://www.facebook.com/edouardcourtialdepute|,e.courtial@senat.fr|,EdouardCourtial
"Jocelyne Guidez",F,91,Essonne,"non disponible",UC,"Affaires sociales",Membre,https://twitter.com/JocelyneGuidez|,j.guidez@senat.fr|,JocelyneGuidez
"Frédérique Puissat",F,38,Isère,"non disponible",LR,"Affaires sociales",Membre,,f.puissat@senat.fr|,
"Jean-Marie Janssens",H,41,Loir-et-Cher,"non disponible",UC,"Affaires économiques",Membre,https://twitter.com/JeanMarieJansse|,jm.janssens@senat.fr|,JeanMarieJansse
"Pascal Savoldelli",H,94,Val-de-Marne,"non disponible",CRCE,Finances,Membre,https://twitter.com/PSavoldelli94|,p.savoldelli@senat.fr|,PSavoldelli94
"Bernard Bonne",H,42,Loire,"non disponible",LR,"Affaires sociales",Membre,,b.bonne@senat.fr|,
"Marie-Thérèse Bruguière",F,34,Hérault,"non disponible",LR,Culture_Education,Membre,,mt.bruguiere@senat.fr|,
"Guillaume Chevrollier",H,53,Mayenne,"non disponible",LR,"Aménagement du territoire",Membre,https://twitter.com/gchevrollier|,g.chevrollier@senat.fr|,gchevrollier
"Michel Dagbert",H,62,Pas-de-Calais,"non disponible",SOC,"Aménagement du territoire",Membre,,m.dagbert@senat.fr|,
"Jean-Pierre Decool",H,59,Nord,"non disponible",RTLI,"Affaires économiques",Vice-Président,https://twitter.com/jpdecool|http://www.jeanpierredecool.com|,jp.decool@senat.fr|,jpdecool
"Martin Lévrier",H,78,Yvelines,"non disponible",LREM,"Affaires sociales",Membre,https://martinlevrier.fr|https://twitter.com/LevrierMartin|,m.levrier@senat.fr|,LevrierMartin
"Jean-Claude Tissot",H,42,Loire,"non disponible",SOC,"Affaires économiques",Membre,http://www.jc-tissot.fr|https://twitter.com/jctissot42|,jc.tissot@senat.fr|,jctissot42
"Fabien Gay",H,93,Seine-Saint-Denis,"non disponible",CRCE,"Affaires économiques",Membre,https://fabiengay.fr|https://twitter.com/fabien_gay|,f.gay@senat.fr|,fabien_gay
"Jacques Le Nay",H,56,Morbihan,"non disponible",UC,"Affaires étrangères_Défense",Membre,http://www.jacques-lenay.com|https://twitter.com/JacquesLeNay|,j.le-nay@senat.fr|,JacquesLeNay
"Nassimah Dindar",F,974,Réunion,"non disponible",UC,"Affaires sociales",Membre,https://twitter.com/NassimahDindar|https://www.facebook.com/NassimahDindar|,n.dindar@senat.fr|,NassimahDindar
"Jean-Raymond Hugonet",H,91,Essonne,"non disponible",LR,Culture_Education,Membre,https://www.facebook.com/JRHugonet/|https://twitter.com/jrhugonet|https://twitter.com/JRHugonet|https://www.facebook.com/JRHugonet|,jr.hugonet@senat.fr|,JRHugonet
"Monique Lubin",F,40,Landes,"non disponible",SOC,"Affaires sociales",Membre,,m.lubin@senat.fr|,
"Viviane Malet",F,974,Réunion,"non disponible",LR,"Affaires sociales",Membre,,v.malet@senat.fr|,
"Dominique Théophile",H,971,Guadeloupe,"non disponible",LREM,"Affaires sociales",Membre,https://twitter.com/SenateurDTheoph|,d.theophile@senat.fr|,SenateurDTheoph
"Dany Wattebled",H,59,Nord,"non disponible",RTLI,Lois,Membre,https://twitter.com/DanyWattebled|,d.wattebled@senat.fr|,DanyWattebled
"Stéphane Piednoir",H,49,Maine-et-Loire,"non disponible",LR,Culture_Education,Membre,https://www.facebook.com/Senateurpiednoir/|https://twitter.com/StephPiednoir|https://www.facebook.com/Senateurpiednoir|,s.piednoir@senat.fr|,StephPiednoir
"Annie Delmont-Koropoulis",F,93,Seine-Saint-Denis,"non disponible",LR,"Affaires sociales",Membre,https://twitter.com/SenatriceADK|,a.delmont-koropoulis@senat.fr|,SenatriceADK
"Joël Bigot",H,49,Maine-et-Loire,"non disponible",SOC,"Aménagement du territoire",Membre,https://twitter.com/Joelbigot49|,joel.bigot@senat.fr|,Joelbigot49
"Laure Darcos",F,91,Essonne,"non disponible",LR,Culture_Education,Membre,http://www.lauredarcos.fr|https://twitter.com/LDarcos|,l.darcos@senat.fr|,LDarcos
"Frédéric Marchand",H,59,Nord,"non disponible",LREM,"Aménagement du territoire",Vice-Président,https://www.facebook.com/FREDERICMARCHANDSENATEUR59LREM/|https://twitter.com/FMsenateur59|https://www.facebook.com/FREDERICMARCHANDSENATEUR59LREM|,f.marchand@senat.fr|,FMsenateur59
"Sylvie Vermeillet",F,39,Jura,"non disponible",UC,Finances,Membre,https://twitter.com/S_Vermeillet|,s.vermeillet@senat.fr|s.vermeillet@gmail.com|,S_Vermeillet
"Michel Laugier",H,78,Yvelines,"non disponible",UC,Culture_Education,Membre,https://twitter.com/LaugierMichel|,m.laugier@senat.fr|,LaugierMichel
"Serge Babary",H,37,Indre-et-Loire,"non disponible",LR,"Affaires économiques",Membre,,s.babary@senat.fr|,
"Jean-Louis Lagourgue",H,974,Réunion,"non disponible",RTLI,"Affaires étrangères_Défense",Membre,https://twitter.com/JLLagourgue|,jl.lagourgue@senat.fr|,JLLagourgue
"Christine Lavarde",F,92,Hauts-de-Seine,"non disponible",LR,Finances,"Vice Présidente",https://twitter.com/LavardeC|http://www.facebook.com/clavardesenat|,c.lavarde@senat.fr|,LavardeC
"Bernard Jomier",H,75,Paris,"non disponible",SOC,"Affaires sociales",Membre,https://twitter.com/BernardJomier|,b.jomier@senat.fr|,BernardJomier
"Jean Sol",H,66,Pyrénées-Orientales,"non disponible",LR,"Affaires sociales",Membre,https://www.facebook.com/SenateurPyreneesOrientales/?ref=br_tf|https://twitter.com/JeanSOL__|https://www.facebook.com/SenateurPyreneesOrientales|,j.sol@senat.fr|,JeanSOL__
"Jean-Pierre Corbisez",H,62,Pas-de-Calais,"non disponible",RDSE,"Aménagement du territoire",Membre,,jp.corbisez@senat.fr|senateurcorbisez@gmail.com|,
"Christine Bonfanti-Dossat",F,47,Lot-et-Garonne,"non disponible",LR,"Affaires sociales",Membre,http://www.republicains47.fr|https://twitter.com/CBonfantiDossat|,c.bonfanti-dossat@senat.fr|,CBonfantiDossat
"Catherine Fournier",F,62,Pas-de-Calais,"non disponible",UC,"Affaires sociales",Membre,http://www.catherinefournier.fr|https://twitter.com/FournierSenat|,c.fournier@senat.fr|,FournierSenat
"Olivier Paccaud",H,60,Oise,"non disponible",LR,Culture_Education,Membre,https://twitter.com/olivierpaccaud|,o.paccaud@senat.fr|,olivierpaccaud
"Véronique Guillotin",F,54,Meurthe-et-Moselle,"non disponible",RDSE,"Affaires sociales",Membre,https://twitter.com/VGUILLOTIN|,v.guillotin@senat.fr|,VGUILLOTIN
"Éric Kerrouche",H,40,Landes,"non disponible",SOC,Lois,Membre,https://twitter.com/EricKerrouche|,e.kerrouche@senat.fr|,EricKerrouche
"Maryse Carrère",F,65,Hautes-Pyrénées,"non disponible",RDSE,Lois,Membre,,m.carrere@senat.fr|,
"Jean-Pierre Moga",H,47,Lot-et-Garonne,"non disponible",UC,"Affaires économiques",Membre,,jp.moga@senat.fr|,
"Christophe Priou",H,44,Loire-Atlantique,"non disponible",LR,"Aménagement du territoire",Membre,,c.priou@senat.fr|,
"Viviane Artigalas",F,65,Hautes-Pyrénées,"non disponible",SOC,"Affaires économiques",Secrétaire,,v.artigalas@senat.fr|,
"Sophie Taillé-Polian",F,94,Val-de-Marne,"non disponible",SOC,Finances,Membre,https://twitter.com/STaillePolian|http://www.sophie-taille-polian.fr|,s.taille-polian@senat.fr|,STaillePolian
"Julien Bargeton",H,75,Paris,"non disponible",LREM,Finances,Membre,http://www.julienbargeton.net|https://twitter.com/JulienBargeton|,j.bargeton@senat.fr|,JulienBargeton
"Brigitte Lherbier",F,59,Nord,"non disponible",LR,Lois,Membre,,b.lherbier@senat.fr|,
"Denise Saint-Pé",F,64,Pyrénées-Atlantiques,"non disponible",UC,"Affaires économiques",Membre,https://twitter.com/DeniseSaintPe|,d.saint-pe@senat.fr|,DeniseSaintPe
"Nadia Sollogoub",F,58,Nièvre,"non disponible",UC,"Aménagement du territoire",Membre,http://nadiasollogoub.fr|,nadia.sollogoub@gmail.com|n.sollogoub@senat.fr|,
"Olivier Léonhardt",H,91,Essonne,"non disponible",RDSE,"Aménagement du territoire",Membre,,o.leonhardt@senat.fr|,
"Rémi Féraud",H,75,Paris,"non disponible",SOC,Finances,Membre,https://twitter.com/RemiFeraud|,r.feraud@senat.fr|,RemiFeraud
"Stéphane Artano",H,975,Saint-Pierre-et-Miquelon,"non disponible",RDSE,"Affaires sociales",Membre,http://senateurartano.net|http://stephaneartano.net|https://twitter.com/StephaneArtano|,s.artano@senat.fr|,StephaneArtano
"Rachid Temal",H,95,Val-d'Oise,"non disponible",SOC,"Affaires étrangères_Défense",Membre,https://twitter.com/RachidTemal|,r.temal@senat.fr|,RachidTemal
"Emmanuel Capus",H,49,Maine-et-Loire,"non disponible",RTLI,Finances,Vice-Président,https://twitter.com/EmmanuelCapus|,e.capus@senat.fr|,EmmanuelCapus
"Philippe Pemezec",H,92,Hauts-de-Seine,"non disponible",LR,"Aménagement du territoire",Membre,http://philippepemezec.fr|https://twitter.com/PhilippePemezec|,p.pemezec@senat.fr|,PhilippePemezec
"Jean-Paul Prince",H,41,Loir-et-Cher,"non disponible",UC,"Aménagement du territoire",Membre,https://twitter.com/JP_Prince_41|,,JP_Prince_41
"Jérôme Bascher",H,60,Oise,"non disponible",LR,Finances,Membre,https://twitter.com/JeromeBascher|,j.bascher@senat.fr|,JeromeBascher
"Évelyne Perrot",F,10,Aube,"non disponible",UC,"Aménagement du territoire",Membre,,,
"Dominique Vérien",F,89,Yonne,"non disponible",UC,Culture_Education,Membre,http://www.verien.fr|https://twitter.com/verienparent|,d.verien@senat.fr|,verienparent
"Yves Bouloux",H,86,Vienne,"non disponible",LR,"Affaires économiques",Membre,https://twitter.com/YvesBouloux|,,YvesBouloux
"Céline Brulin",F,76,Seine-Maritime,"non disponible",CRCE,Culture_Education,Membre,https://www.facebook.com/celine.brulin.1/|https://twitter.com/celine_brulin|https://www.facebook.com/celine.brulin.1|,c.brulin@senat.fr|,celine_brulin
"Vincent Segouin",H,61,Orne,"non disponible",LR,Lois,Membre,https://twitter.com/SegouinV|,v.segouin@senat.fr|,SegouinV
"Cathy Apourceau-Poly",F,62,Pas-de-Calais,"non disponible",CRCE,"Affaires sociales",Membre,http://cathyapourceaupoly.fr|https://twitter.com/Apourceau|,c.apourceau-poly@senat.fr|,Apourceau
"Damien Regnard",H,999,"Français établis hors de France","non disponible",LR,Culture_Education,Membre,http://www.damienregnard.com|https://twitter.com/damienregnard|,d.regnard@senat.fr|,damienregnard
"Sylviane Noël",F,74,Haute-Savoie,"non disponible",LR,"Affaires économiques",Membre,http://www.sylvianenoel.fr|https://twitter.com/noel_sylviane|,secretariat@sylvianenoel.fr|s.noel@senat.fr|,noel_sylviane
"Bernard Buis",H,26,Drôme,"non disponible",LREM,"Affaires économiques",Membre,https://twitter.com/bernard_buis|,b.buis@senat.fr|,bernard_buis
"Françoise Ramond",F,28,Eure-et-Loir,"non disponible",LR,"Aménagement du territoire",Membre,,f.ramond@senat.fr|,
"Marie-Pierre Richer",F,18,Cher,"non disponible",LR,"Affaires sociales",Membre,https://twitter.com/MpRicher|,,MpRicher
"Esther Sittler",F,67,Bas-Rhin,"non disponible",LR,"Aménagement du territoire",Membre,,e.sittler@senat.fr|,
"Agnès Constant",F,34,Hérault,"non disponible",LREM,"Affaires économiques",Membre,,a.constant@senat.fr|,
"Hervé Gillé",H,33,Gironde,"non disponible",SOC,"Aménagement du territoire",Membre,http://herve-gille.fr|http://facebook.com/hgille33|https://twitter.com/GilleHerve|,h.gille@senat.fr|,GilleHerve
"Pascal Martin",H,76,Seine-Maritime,"non disponible",UC,,,,p.martin@senat.fr|,
"Guylène PANTEL",F,48,Lozère,"non disponible",RDSE,,,,g.pantel@senat.fr|,
"Marie-Noëlle Schoeller",F,25,Doubs,"non disponible",SOC,,,,,
"Stéphane Cardenes",H,30,Gard,"non disponible",UC,,,,,
"Muriel Cabaret",F,72,Sarthe,"non disponible",SOC,,,,,
"Catherine André",F,07,Ardèche,"non disponible",LR,,,,,
"Catherine Belrhiti",F,57,Moselle,"non disponible",LR,,,,,
"Danièle Garcia",F,13,Bouches-du-Rhône,"non disponible",RDSE,,,,,
"Patrick Bore",H,13,Bouches-du-Rhône,"non disponible",LR,,,,,
"Michèle Einaudi",F,13,Bouches-du-Rhône,"non disponible",SOC,,,,,
